time,flux
120.5391465106,1.0000191982
120.5595807303,0.9999100906
120.5800148498,0.9998914886
120.6004491694,0.9998055738
120.6208833889,0.9999808018
120.6413175084,0.9999428819
120.6617517278,0.9997958519
120.6821860473,0.9998507632
120.7026201667,0.9999249337
120.7230543862,1.0000861570
120.7434887055,1.0000487128
120.7639228248,0.9999617811
120.7843570442,1.0001210363
120.8047912635,1.0000933109
120.8252254827,1.0000606966
120.8456597019,1.0001123301
120.8660939211,1.0000362508
120.8865282402,1.0000092415
120.9069623594,1.0000595033
120.9273965785,1.0000689234
120.9478308976,1.0000822785
120.9682650166,1.0000645109
120.9886992357,1.0001038610
121.0091333546,1.0000251007
121.0295676735,0.9999752572
121.0500018925,0.9999858698
121.0704361114,0.9999922493
121.0908703303,1.0000398266
121.1113045491,1.0000781029
121.1317387680,0.9999778809
121.1521728867,1.0000086449
121.1726072055,1.0000280214
121.1930414242,1.0000540751
121.2134755429,1.0000995646
121.2339098616,1.0000016693
121.2543440802,0.9999860491
121.2747781987,1.0000554456
121.2952124174,1.0000398253
121.3156467359,1.0000219396
121.3360809544,1.0000128776
121.3565150729,1.0000323727
121.3769493913,1.0001071932
121.3973836097,1.0000173488
121.4178177281,1.0001521442
121.4382519465,1.0000470382
121.4586862648,1.0002123268
121.4791203831,1.0000942546
121.4995546014,0.9999326925
121.5199888196,0.9997618904
121.5404231378,0.9998128033
121.5608573560,0.9998645508
121.5812914741,1.0000017289
121.6017257922,0.9999783592
121.6221600102,1.0001042094
121.6425941283,1.0000346370
121.6630283463,0.9999486110
121.6834626644,0.9999928461
121.7038967823,1.0000025039
121.7243310001,1.0000931789
121.7447653181,1.0000233096
121.7651994359,1.0001103475
121.7856336537,0.9999836059
121.8060678715,1.0000103133
121.8265020893,1.0000338611
121.8469363070,1.0000079883
121.8673705247,0.9999974366
121.8878047424,1.0000704638
121.9082389600,0.9999967809
121.9286731776,0.9998990144
121.9491072952,0.9998735597
121.9695416128,0.9999415193
121.9899758302,1.0000481079
122.0104099477,0.9999573767
122.0308442650,0.9998413701
122.0512784825,0.9998760652
122.0717126999,0.9999719821
122.0921468172,1.0000546646
122.1125811345,0.9999992847
122.1330153518,0.9999728765
122.1534494690,1.0000086437
122.1738837862,1.0000489412
122.1943180034,1.0000071534
122.2147521205,0.9999985097
122.2351863376,0.9999513572
122.2556206546,0.9999580934
122.2760547717,1.0000230098
122.2964889887,0.9999737116
122.3169233056,0.9999369319
122.3373574226,0.9998333290
122.3577916395,0.9998153867
122.3782258564,0.9997149436
122.3986601732,0.9998649233
122.4190942901,1.0000361833
122.4395285067,0.9999431321
122.4599628235,0.9999053397
122.4803969401,1.0000043515
122.5008311569,0.9998940144
122.5212652734,0.9999064730
122.5416995901,1.0000065570
122.5621338066,0.9999983309
122.5825680232,1.0000128159
122.6030022396,0.9999781236
122.6234364561,0.9999928470
122.6438706725,0.9999409280
122.6643047888,0.9999310332
122.6847391052,0.9999325235
122.7051733215,0.9998890098
122.7256074379,1.0000196706
122.7460417540,0.9999744879
122.7664759702,0.9998400131
122.7869100864,0.9998268998
122.8073443026,0.9999203050
122.8277786187,1.0000101332
122.8482128347,0.9999641165
122.8686470508,0.9999489764
122.8890812668,0.9999691833
122.9095154827,1.0000258097
122.9299496987,0.9999862905
122.9503838145,0.9999588716
122.9708181303,0.9999659648
122.9912523462,0.9999512421
123.0116864619,1.0000650898
123.0321207777,0.9999871251
123.0525549933,1.0000222926
123.0729892091,0.9999815818
123.0934233247,0.9999687071
123.1138576403,0.9999722239
123.1342918559,1.0000220540
123.1547259714,1.0000026226
123.1751602868,0.9997490623
123.1955945023,0.9998030648
123.2160286177,0.9998107542
123.2364628331,0.9998870488
123.2568971485,0.9999610781
123.2773312637,1.0000385046
123.3181997942,1.0000578164
123.3386339095,0.9999625088
123.3590681246,1.0000139474
123.3795023397,1.0000441071
123.3999366548,1.0000410076
123.4203707698,1.0000829687
123.4408049848,0.9998840110
123.4612392998,1.0000545970
123.4816734147,0.9999545820
123.5021076296,0.9999951125
123.5225417444,0.9999871257
123.5429760592,0.9999657877
123.5634102740,1.0000286095
123.5838444888,0.9999842648
123.6042787035,1.0000942919
123.6247129182,0.9999303838
123.6451471328,0.9998756090
123.6655812474,0.9999436159
123.6860155619,0.9999917748
123.7064497764,0.9999774703
123.7268838909,1.0000189536
123.7473182054,1.0000047682
123.7677524197,0.9999561328
123.7881865341,0.9999145306
123.8086207485,0.9999474310
123.8290550627,1.0000510192
123.8494891769,0.9999225177
123.8699233911,0.9999588748
123.8903577053,0.9999771130
123.9107919194,0.9999562525
123.9312260335,0.9998790091
123.9516602476,0.9999259155
123.9720945615,0.9998299576
123.9925286755,0.9999215053
124.0129628895,0.9996704951
124.0333972033,0.9997526553
124.0538313172,0.9997750356
124.0742655309,0.9999992848
124.0946997447,1.0000464888
124.1151339584,0.9999156051
124.1355681722,0.9999872454
124.1560023858,0.9999390880
124.1764366994,0.9998750770
124.1968708129,0.9999467171
124.2173050266,0.9998617865
124.2377392399,0.9999681734
124.2581734535,0.9999662662
124.2786076668,0.9999178112
124.2990418802,0.9999593527
124.3194761935,0.9999616175
124.3399103068,0.9999779480
124.3603445201,0.9999198977
124.3807787333,0.9998565431
124.4012129465,0.9999758025
124.4216471595,0.9998990381
124.4420813727,0.9998840787
124.4625156857,0.9999474332
124.4829497987,1.0000205022
124.5033840117,0.9999356326
124.5238181245,0.9999550621
124.5442524375,0.9999824778
124.5646866503,0.9998847947
124.5851207631,0.9999715116
124.6055550759,0.9999936825
124.6259892886,0.9999234748
124.6464235013,1.0000051255
124.6668576138,1.0000481559
124.6872919264,0.9999699622
124.7077261390,0.9999207336
124.7281602515,0.9999394477
124.7485945639,0.9999682935
124.7690287764,0.9999518443
124.7894628887,1.0001208659
124.8098971011,1.0000115621
124.8303314134,0.9999405208
124.8507655256,0.9997163711
124.8711997379,0.9998693603
124.8916339500,0.9998253173
124.9120682621,1.0000057214
124.9325023742,1.0000493473
124.9529365862,1.0000970258
124.9733708983,1.0000593597
124.9938050102,1.0000619820
125.0142392221,0.9999911795
125.0346733340,1.0001221758
125.0551076458,1.0000945223
125.0959760694,0.9999991656
125.1164102810,1.0000150186
125.1368444927,1.0000174025
125.1572787043,0.9999574473
125.1777128158,1.0000405263
125.1981471274,1.0000742583
125.2185813389,0.9999945170
125.2390154503,0.9999892725
125.2594497617,1.0000836744
125.2798839730,1.0000455322
125.3003180843,1.0000991694
125.3207522956,1.0000722315
125.3411866068,1.0000451744
125.3616207180,1.0000290832
125.3820549291,1.0001371918
125.4024892402,1.0000904678
125.4229234513,1.0001009568
125.4433575622,0.9999702017
125.4637917732,1.0000168062
125.4842260841,1.0000007152
125.5046601951,1.0001079889
125.5250944058,1.0000355195
125.5455287166,1.0000876067
125.5659628273,1.0001092997
125.5863970380,0.9999736584
125.6068312486,1.0001203843
125.6272654592,1.0000313476
125.6476997698,1.0000034566
125.6681338803,1.0000122768
125.6885681908,0.9997734159
125.7090024013,0.9999227636
125.7294365115,0.9999044081
125.7498707219,0.9999547071
125.7703050323,0.9999983313
125.7907391424,1.0001328986
125.8111733526,1.0000784280
125.8316076628,1.0001420761
125.8520417729,1.0000777128
125.8724759829,1.0000744946
125.8929101929,1.0000718724
125.9133444030,1.0000718723
125.9337786129,1.0000462462
125.9542128228,1.0001000013
125.9746471325,1.0000139454
125.9950812423,0.9999675800
126.0155154520,1.0000352806
126.0359495618,1.0000508946
126.0563838713,1.0000071515
126.0768180810,0.9999932061
126.0972521905,0.9998881988
126.1176865000,1.0000193089
126.1381207095,0.9999520852
126.1585549188,1.0000586420
126.1789890283,0.9999674608
126.1994233376,0.9999650770
126.2198575468,0.9999147784
126.2402916561,0.9999283662
126.2811601744,0.9999514892
126.3015942835,0.9999029785
126.3220284925,1.0000271756
126.3424628015,1.0000000000
126.3628969104,1.0000222887
126.3833311194,1.0000879631
126.4037654282,0.9999952324
126.4241996370,1.0000014303
126.4446337457,0.9999709173
126.4650679544,0.9999595942
126.4855022630,0.9999886768
126.5059363717,1.0000306322
126.5263705803,0.9998400452
126.5468046888,0.9997595315
126.5672389973,0.9999337296
126.5876732057,0.9999467214
126.6081074141,1.0001075107
126.6285416223,1.0000263413
126.6489758306,1.0000312282
126.6694100389,0.9999348022
126.6898441470,0.9999402850
126.7102784552,1.0000441009
126.7307126632,0.9999903455
126.7511467712,1.0000607878
126.7715810793,0.9999684142
126.7920152872,0.9999389737
126.8124493951,1.0001342102
126.8328836029,1.0000789051
126.8533179107,1.0000945193
126.8737520184,1.0001299195
126.8941862261,1.0000462466
126.9146205338,1.0000041717
126.9350547414,1.0000756872
126.9554888489,1.0000063172
126.9759230564,1.0000449356
126.9963573639,1.0000548286
127.0167915713,1.0000166870
127.0372256787,0.9999794988
127.0576599859,1.0000435054
127.0780941932,1.0000286063
127.0985283003,1.0000536369
127.1189625075,0.9999790220
127.1393968146,0.9999743734
127.1598310216,0.9999777108
127.1802651286,1.0000530411
127.2006994356,1.0000867729
127.2211336425,0.9999498195
127.2415677494,1.0001176443
127.2620019561,1.0000226468
127.2824362629,1.0000491079
127.3028703696,0.9999700823
127.3233045763,1.0000071517
127.3437388829,0.9999988081
127.3641729894,0.9998591717
127.3846071960,0.9998312204
127.4050414024,0.9998336041
127.4254756088,0.9999513685
127.4459098151,1.0000828405
127.4663440214,1.0000196672
127.4867783276,1.0000280109
127.5072124338,1.0001083486
127.5276466400,1.0001264665
127.5480807461,1.0000852249
127.5685150521,1.0000230048
127.5889492582,1.0000888010
127.6502518758,1.0001178850
127.6706860816,1.0000171643
127.6911201873,1.0001149054
127.7115544930,1.0000357590
127.7319886986,1.0001232495
127.7524228042,1.0000237202
127.7728570097,1.0000909474
127.7932913151,1.0000306337
127.8137254206,1.0000457718
127.8341596260,1.0000467255
127.8545939313,0.9999917754
127.8750280366,1.0001811809
127.8954622418,0.9999815243
127.9158964470,0.9999430232
127.9363306521,1.0000592416
127.9567648571,1.0000630561
127.9771990621,1.0000547123
127.9976333670,1.0000076287
128.0180674720,0.9999153686
128.0385016768,1.0000076288
128.0589357816,1.0000444614
128.0793700863,0.9999544657
128.0998042910,1.0000455344
128.1202384957,0.9999948744
128.1406727002,1.0001616357
128.1611069048,1.0000325418
128.1815411093,0.9999443332
128.2019752137,0.9998967123
128.2224095180,0.9997512869
128.2428437223,0.9998217346
128.2632778267,1.0000508990
128.2837121309,1.0000116818
128.3041463350,1.0000986991
128.3245804391,1.0001540091
128.3654489472,0.9999903446
128.3858831511,1.0000216949
128.4063173550,1.0000476811
128.4267515588,1.0000450587
128.4471857626,1.0000549527
128.4676199663,1.0000299201
128.4880540700,1.0000848730
128.5084883736,1.0000282513
128.5289225771,1.0000619862
128.5493566807,1.0000396951
128.5697909841,0.9999416493
128.5902251875,0.9999707948
128.6106592909,1.0000381456
128.6310934941,0.9999791391
128.6515277974,1.0000551922
128.6719620006,0.9999592316
128.6923961037,1.0000178809
128.7128304068,1.0000095365
128.7332646098,0.9999964238
128.7536987128,1.0000449410
128.7741329157,1.0000252719
128.8150013213,0.9999378929
128.8354355241,0.9999220381
128.8558697268,1.0000545973
128.8763039294,0.9998567117
128.8967381319,1.0000140666
128.9171723345,1.0000573394
128.9376065369,0.9999543429
128.9580407394,0.9999110698
128.9784749417,1.0000426771
128.9989090441,0.9999817609
129.0193433463,0.9999516006
129.0397775485,0.9997873734
129.0602116506,0.9997815169
129.0806459527,0.9997609379
129.1010801547,1.0000331406
129.1215143567,1.0000318294
129.1419484585,0.9999220357
129.1623827604,0.9999003986
129.1828169621,0.9998787018
129.2032510639,1.0000200873
129.2236853656,0.9998890726
129.2441195673,1.0000182992
129.2645536688,0.9999908206
129.2849878703,0.9998685074
129.3054221718,0.9999350880
129.3258562732,1.0000780853
129.3462904745,1.0000531101
129.3667247758,1.0000001192
129.3871588771,0.9999536849
129.4075930782,0.9999501083
129.4280272793,0.9999172642
129.4484615804,0.9999907011
129.4688956814,1.0000152001
129.4893298823,0.9999129717
129.5097641832,0.9999287677
129.5301982840,0.9999863496
129.5506324848,0.9998887101
129.5710666855,0.9998715424
129.5915008861,1.0000094779
129.6119350868,0.9999876012
129.6323692873,0.9999620883
129.6528034877,0.9999459339
129.6732376882,1.0000138891
129.6936718886,0.9999741292
129.7141060888,1.0000295071
129.7345402892,0.9999584515
129.7549744893,0.9999692409
129.7754086894,1.0000618761
129.7958429895,1.0000846477
129.8162770895,1.0000104916
129.8367112895,0.9999954099
129.8571454894,0.9999597025
129.8775796892,0.9999263198
129.8980138890,0.9998284366
129.9184480887,0.9998240844
129.9388822884,0.9999221462
129.9593164880,0.9999918927
129.9797506876,1.0000743968
130.0001847870,0.9999626227
130.0206190864,1.0000826239
130.0410532858,0.9999623243
130.0614873852,1.0000085247
130.0819215843,1.0000929379
130.1023558835,1.0000110882
130.1227899827,1.0000911501
130.1432241818,1.0000114460
130.1636584807,0.9999669735
130.1840926797,1.0000049480
130.2045267787,0.9999881962
130.2249609775,1.0000688556
130.2453952762,1.0001751501
131.5123148808,0.9999638200
131.5327491757,1.0000247955
131.5531833706,0.9999127984
131.5736174653,0.9998820425
131.5940516600,0.9998002649
131.6144859546,0.9999663234
131.6349200492,1.0000063181
131.6553542437,0.9999858737
131.6757885381,1.0000096559
131.6962227324,1.0000309944
131.7166568267,0.9999150038
131.7370910210,1.0000356436
131.7575253152,0.9999437928
131.7779594093,1.0000495910
131.7983936033,0.9999628663
131.8188278973,1.0000517368
131.8392619912,0.9999884963
131.8596961851,1.0000494718
131.8801303789,1.0000225305
131.9005645726,0.9999120236
131.9209987662,0.9999824166
131.9414329598,1.0000030994
131.9618671533,0.9999701381
131.9823013468,1.0000016689
132.0027355402,1.0000730753
132.0231696335,1.0000402927
132.0436039268,1.0000191927
132.0640381199,0.9999527931
132.0844722131,0.9999577403
132.1049064062,1.0000115633
132.1253406992,0.9999713898
132.1457747921,1.0000073910
132.1662089850,0.9999499321
132.1866432778,1.0000052452
132.2070774705,1.0000386238
132.2275115632,1.0000348091
132.2479457558,0.9999331236
132.2683800484,0.9999753833
132.2888141408,1.0000357628
132.3092483333,0.9999926090
132.3296826256,0.9999239445
132.3501167178,1.0000133514
132.3705509100,0.9999109507
132.3909851022,0.9998568893
132.4114192943,0.9997906090
132.4318534863,0.9998034836
132.4522876782,1.0000110865
132.4727219701,0.9999764562
132.4931560618,0.9999452234
132.5135902537,0.9999456406
132.5340243453,0.9999037385
132.5544586369,1.0000414848
132.5748928284,0.9999872446
132.5953269199,0.9999424219
132.6157612113,0.9999709129
132.6361954026,0.9999028445
132.6566295939,0.9999808073
132.6770636852,0.9999548197
132.6974979762,0.9999963045
132.7179321673,1.0000501871
132.7383662583,0.9999726415
132.7588005492,1.0000548363
132.7792347401,0.9999866486
132.7996688309,1.0001087188
132.8201030216,1.0000058413
132.8405373123,0.9999794364
132.8609714029,1.0000320673
132.8814055935,1.0000338554
132.9018398838,0.9999729991
132.9222739743,1.0001226663
132.9427081646,0.9999995232
132.9631423548,1.0000070333
132.9835766451,0.9999865294
133.0040107352,0.9999452234
133.0244449252,1.0000032186
133.0448791152,1.0000450611
133.0653133050,1.0000071526
133.0857474949,1.0000261068
133.1061816847,0.9999612570
133.1266158743,0.9998691679
133.1470500639,1.0000450611
133.1674842536,1.0000355244
133.1879184430,0.9999524355
133.2083527325,0.9998810888
133.2287868218,0.9997097255
133.2492210111,0.9997735024
133.2696552003,0.9997519256
133.2900893895,0.9999463558
133.3105235785,0.9999682903
133.3309576676,0.9998387099
133.3513919565,0.9999725223
133.3718261454,1.0000134706
133.3922603342,0.9998826981
133.4126945229,0.9998773337
133.4331287116,1.0000264645
133.4535629001,0.9999837875
133.4739969887,0.9999710322
133.4944312772,0.9998884797
133.5148654655,0.9999950528
133.5352995538,0.9999100566
133.5557338420,0.9999045134
133.5761680303,0.9999156595
133.5966021183,0.9999157787
133.6170363064,0.9999691844
133.6374705943,0.9998458624
133.6579047822,0.9999259115
133.6783388700,0.9999841452
133.6987731578,0.9999626875
133.7192073454,0.9999520779
133.7396414331,0.9999546409
133.7600756207,0.9999821782
133.7805099081,0.9998840094
133.8009439954,0.9999833107
133.8213781828,0.9999694228
133.8418123700,0.9999026060
133.8622465572,0.9999598861
133.8826807443,0.9998950363
133.9031149314,1.0000140667
133.9235491184,0.9998875261
133.9439833052,1.0000022650
133.9644174921,0.9998837710
133.9848515788,0.9999702573
134.0052858655,0.9999403954
134.0257200522,0.9999643564
134.0461541386,0.9998053313
134.0665884250,0.9998140336
134.0870226115,0.9998218418
134.1074566978,0.9998365641
134.1278908841,0.9999223352
134.1483251702,0.9998872877
134.1687593564,0.9998504520
134.1891934424,0.9999052286
134.2096277283,0.9998902083
134.2300619142,0.9999312163
134.2504960000,0.9999334812
134.2709301857,1.0000097752
134.2913644714,0.9999670386
134.3117985571,0.9999597669
134.3322327426,1.0000108480
134.3526670280,1.0000147819
134.3731011135,1.0000143051
134.4139694839,0.9999095798
134.4344036691,1.0001341104
134.4548378542,0.9999928474
134.4752720392,1.0000176430
134.4957063242,1.0000104904
134.5161404091,1.0000128746
134.5365745938,1.0001180172
134.5570086786,1.0001490116
134.5774429632,1.0000770092
134.5978771477,0.9999846816
134.6183112323,1.0000586509
134.6387454167,1.0000804662
134.6591797011,1.0001286268
134.6796138854,1.0000888109
134.7000480695,1.0000594854
134.7204822537,1.0000531673
134.7409164378,1.0000925064
134.7613505217,1.0001233816
134.7817847056,1.0001001358
134.8022189895,1.0000702142
134.8226531733,1.0000330210
134.8430872570,1.0001077652
134.8635215406,1.0000478029
134.8839557240,1.0000501871
134.9043899075,0.9999127984
134.9248239910,0.9998887778
134.9452582742,0.9999318719
134.9656924575,1.0000780821
134.9861265407,1.0001382827
135.0065608238,1.0000715255
135.0269950068,1.0001175403
135.0474290897,1.0000973940
135.0678632726,1.0001653432
135.0882975554,1.0001344680
135.1087316382,1.0001484155
135.1291658207,1.0000642538
135.1496001034,1.0000791549
135.1700342858,1.0001256465
135.1904683682,1.0000987053
135.2109025507,1.0000668764
135.2313368329,1.0001043081
135.2517709150,1.0001494884
135.2722050971,1.0000394583
135.2926391792,1.0001084804
135.3130734612,1.0000665188
135.3335076431,0.9999972582
135.3539417248,0.9999902248
135.3743760066,1.0001182556
135.3948101883,1.0000915527
135.4152443699,1.0001105070
135.4356784514,1.0001028776
135.4561127328,1.0001093149
135.4765469142,1.0000611543
135.4969809954,1.0000730753
135.5174152767,0.9999960661
135.5378494578,1.0000606775
135.5582835389,1.0001363754
135.5787177199,1.0000011921
135.5991520008,1.0000827312
135.6195860816,1.0000717640
135.6400202623,1.0000683069
135.6604545430,1.0000801086
135.6808887235,1.0000892877
135.7013228041,1.0001285076
135.7217569845,0.9999833107
135.7421912649,0.9998134375
135.7626253452,0.9999245405
135.7830595254,0.9998430014
135.8034938055,1.0000000000
135.8239278856,1.0000276565
135.8443620656,1.0001207590
135.8647962454,1.0001369714
135.8852304253,0.9999641776
135.9056646051,1.0000786781
135.9260987847,0.9999912381
135.9465328643,0.9999029637
135.9669671438,1.0000442266
135.9874013232,1.0000391006
136.0078354025,0.9999877214
136.0282696818,1.0001186132
136.0487038611,1.0000525713
136.0691379401,1.0000377893
136.0895721192,1.0001422166
136.1100063982,1.0000879764
136.1304405770,1.0000115633
136.1508746559,1.0000239611
136.1713089347,1.0000561476
136.1917431133,1.0000857114
136.2121771919,1.0000187159
136.2326113703,1.0000499487
136.2530456488,1.0000441074
136.2734797271,0.9999895096
136.2939139054,1.0000810623
136.3143481836,0.9999390245
136.3347822616,1.0000056028
136.3552164397,1.0000846386
136.3756506176,1.0000056028
136.3960847955,1.0000923872
136.4165189733,0.9999772310
136.4369531510,1.0000253916
136.4573874286,0.9999414087
136.4778215062,1.0000547170
136.4982556837,0.9999593496
136.5186898611,0.9999579787
136.5391240384,0.9999431372
136.5595582156,1.0000010729
136.5799923927,0.9998633266
136.6004265698,0.9998313785
136.6208607468,0.9997828008
136.6412949237,1.0001133680
136.6617291006,1.0000414848
136.6821632773,1.0000025034
136.7025974540,0.9999120236
136.7230316306,1.0000560283
136.7434657071,0.9999312163
136.7638999836,1.0000067949
136.7843341598,1.0000107288
136.8047682362,1.0000528097
136.8252025124,0.9999569059
136.8456366885,1.0000289678
136.8660708645,1.0001106262
136.8865049404,0.9999262691
136.9069392163,0.9999855161
136.9273733921,1.0000023842
136.9478074678,0.9999639392
136.9682417435,0.9999948144
136.9886759190,0.9999158979
137.0091099945,0.9999703765
137.0295441699,0.9999337197
137.0499784452,0.9999200702
137.0704125204,0.9999656677
137.0908466955,0.9999452234
137.1112809706,0.9999929667
137.1317150456,1.0000340938
137.1521492205,1.0000227690
137.1725833953,0.9999797940
137.1930176701,1.0000009537
137.2134517447,0.9999484420
137.2338859193,1.0000469684
137.2543199938,0.9998810888
137.2747542682,0.9998985529
137.2951884425,1.0000604391
137.3156225168,0.9999626875
137.3360567909,0.9999563694
137.3564909651,0.9998962880
137.3973592129,0.9999383092
137.4177934868,0.9998478294
137.4382276606,0.9997246862
137.4586617343,0.9998229743
137.4790960078,0.9999595285
137.4995301813,1.0000214577
137.5199642548,0.9999680519
137.5403984281,0.9999933243
137.5608327013,0.9999827743
137.5812667746,1.0000433922
137.6017009477,1.0000077486
137.6221352207,0.9999802113
137.6425693936,0.9999725223
137.6630034664,0.9999796748
137.6834376392,1.0000452995
137.7038719120,0.9999561310
137.7243059845,1.0000259876
137.7447401570,1.0000147819
137.7651744294,0.9999654293
137.7856085019,1.0000290871
137.8060426740,0.9999787211
137.8264767462,0.9999986291
137.8469110184,1.0000047684
137.8673451903,1.0000314712
137.8877793623,1.0000640154
137.9082134341,1.0000736713
137.9286477060,1.0001006126
137.9490818777,1.0000756979
137.9695159493,1.0001105070
137.9899502208,1.0000728368
138.0103843922,1.0000165701
138.0308184635,1.0001423358
138.0512526347,0.9999784827
138.0716869060,1.0000157356
138.0921210770,1.0000793934
138.1125551481,1.0000005960
138.1329894190,1.0000102520
138.1534235898,0.9999098182
138.1738576606,1.0000551939
138.1942918313,0.9999530316
138.2147261019,0.9999640584
138.2351602724,0.9998508096
138.2555943428,0.9998402000
138.2760286131,0.9997214676
138.2964627835,0.9997862578
138.3168968535,0.9998919964
138.3373310236,0.9999509454
138.3577652936,1.0000244379
138.3781994636,1.0000609159
138.3986335334,0.9999439120
138.4190678032,1.0000463724
138.4395019728,0.9999607206
138.4599360424,0.9999809265
138.4803702119,0.9999763370
138.5008044813,1.0000579357
138.5212385506,1.0000826120
138.5416727198,0.9997921778
138.5621068890,0.9997263334
138.5825410580,0.9996561373
138.6029752269,0.9996127036
138.6234093959,0.9995537720
138.6438435647,0.9996541070
138.6642777334,0.9996157394
138.6847119020,0.9995261100
138.7051459705,0.9995767341
138.7255802391,0.9995589301
138.7460144074,0.9995848774
138.7664484756,0.9996328199
138.7868827439,0.9996449984
138.8073169120,0.9997573177
138.8277509801,1.0000610384
138.8481851479,1.0001412107
138.8686194158,1.0000188956
138.8890535836,1.0001061612
138.9094876512,1.0000676546
138.9299219189,0.9999670370
138.9503560864,1.0001306595
138.9707901538,1.0000949546
138.9912243211,1.0000752245
139.0116585884,1.0001148633
139.0320926556,1.0000683099
139.0525268226,1.0001091408
139.0729610896,1.0000050666
139.0933951565,0.9999546986
139.1138293233,0.9998509824
139.1342634900,0.9999023638
139.1546976566,0.9999904033
139.1751318232,1.0000234255
139.1955659897,1.0000170476
139.2160000561,1.0000094775
139.2364343224,0.9999918935
139.2568684885,1.0000720645
139.2773025547,1.0000094178
139.2977368207,0.9999899861
139.3181709867,1.0000473872
139.3386051525,1.0000076892
139.3590392183,1.0000792765
139.3794734839,0.9999784225
139.3999076496,1.0000234849
139.4203417150,1.0000230080
139.4407759804,1.0000097158
139.4612101457,0.9999840255
139.4816442109,1.0000539436
139.5020783761,1.0000852367
139.5225126412,1.0001189141
139.5429467062,1.0000543607
139.5633808710,1.0000945350
139.5838151359,1.0001149798
139.6042492005,1.0001283910
139.6246833651,1.0000665201
139.6451175297,1.0001177214
139.6655517941,1.0000156763
139.6859858585,1.0000228886
139.7064200228,1.0000654470
139.7268541869,0.9999876020
139.7472883509,0.9999979138
139.7677225150,1.0000535257
139.7881566789,0.9999654884
139.8085908427,0.9998950348
139.8290250064,0.9999107111
139.8494591700,1.0000781426
139.8698933336,0.9999209634
139.8903274971,1.0000237229
139.9107616604,0.9998829353
139.9311958237,0.9997919183
139.9516300868,0.9997654139
139.9720641499,0.9996977820
139.9924983129,0.9998678554
140.0129323759,0.9999096983
140.0333666388,0.9999615547
140.0538008014,0.9998564711
140.0742349642,0.9999472496
140.0946691267,0.9999341961
140.1151032891,0.9999263879
140.1355374515,0.9998942610
140.1559715138,0.9998494382
140.1764057761,0.9999520181
140.1968399381,0.9999499320
140.2172740002,0.9998726247
140.2377082621,0.9998844265
140.2581424239,0.9999235272
140.2785764856,1.0000106096
140.2990106473,0.9999366999
140.3194449088,1.0000556706
140.3398789703,0.9999359251
140.3807472930,1.0000174045
140.4011815542,0.9999105337
140.4216156153,0.9999263289
140.4420497763,0.9999595286
140.4624840372,0.9999558332
140.4829180981,0.9999795557
140.5033522588,0.9999797941
140.5237863194,0.9999230509
140.5442205800,0.9999158984
140.5646547405,0.9999282962
140.5850889008,0.9999955893
140.6055230611,0.9999136336
140.6259572213,0.9999376541
140.6463913815,1.0000170468
140.6668254415,0.9999498730
140.6872597014,0.9999709132
140.7076938613,0.9999189386
140.7281279210,0.9999529129
140.7485621806,0.9998555201
140.7689963402,0.9997928169
140.7894303996,0.9997656574
140.8098645590,0.9997119743
140.8302988182,0.9999276409
140.8507329775,0.9999527342
140.8711670365,0.9999512441
140.8916011955,0.9999451645
140.9120354544,0.9999322901
140.9324695132,0.9999954701
140.9529036719,1.0000202653
140.9733379306,0.9999782447
140.9937719891,1.0000606765
141.0142061476,1.0000432722
141.0346403059,1.0000319475
141.0550744641,0.9999940396
141.0755086223,0.9999874833
141.0959427804,0.9999364626
141.1163769384,0.9999985695
141.1368110963,0.9999917747
141.1572452540,0.9999346150
141.1776793118,1.0000224109
141.1981135694,1.0000195499
141.2185477269,0.9999715692
141.2389817843,1.0000019073
141.2594160416,1.0000748618
141.2798501989,0.9999680526
141.3002842560,1.0000803453
141.3207184130,0.9999554167
141.3411526700,0.9999728209
141.3615868268,0.9999972583
141.3820208835,1.0000277751
141.4024550402,1.0000717622
141.4228892968,1.0000361195
141.4433234533,1.0000526892
141.4637575097,0.9999936821
141.4841917660,1.0000251525
141.5046259222,1.0001908491
141.5250599783,1.0000785569
141.5454941343,1.0000730734
141.5659282902,1.0000548348
141.5863625461,0.9999264498
141.6067966017,0.9998625554
141.6272308574,0.9997642105
141.6476650129,0.9997949061
141.6680990683,1.0000193114
141.6885332237,1.0000393380
141.7089674789,1.0000160928
141.7294015341,1.0000276558
141.7498356892,1.0000137087
141.7702699441,1.0000131126
141.7907039990,1.0000973911
141.8111381538,1.0001227820
141.8315723085,1.0000749804
141.8520064630,1.0000010729
141.8724406175,1.0000133510
141.8928747720,0.9999615562
141.9133090262,1.0001333911
141.9337430805,1.0000129934
141.9541772345,1.0000727154
141.9746112885,1.0000499471
141.9950455425,1.0000714041
142.0154796963,0.9999630463
142.0359137500,0.9999416489
142.0563479037,1.0001057353
142.0767821572,0.9999716291
142.0972163107,1.0000329007
142.1176503640,0.9999887947
142.1380846172,1.0000402914
142.1585187704,0.9999992848
142.1789528235,0.9999903444
142.1993869764,1.0000615100
142.2198212292,0.9999400993
142.2402552821,1.0000504239
142.2606894347,0.9999780662
142.2811236873,1.0000090596
142.3015577397,0.9999715099
142.3219918921,1.0000594834
142.3424260444,1.0000138278
142.3628602966,0.9999756821
142.3832943487,1.0000008344
142.4037285007,1.0000003576
142.4241627525,1.0000073907
142.4445968043,0.9998048610
142.4650309560,0.9997989008
142.4854650077,0.9997564041
142.5058992592,0.9998663113
142.5263334106,1.0000113245
142.5467675619,1.0000108477
142.5672016131,0.9999650729
142.5876358642,1.0000668741
142.6080700153,0.9999884371
142.6285040662,0.9999746093
142.6489383171,0.9999948742
142.6693724677,1.0000196689
142.6898065184,0.9999896291
142.7102406689,0.9999694835
142.7306749193,0.9999707947
142.7511089697,1.0000596026
142.7715431199,0.9999110133
142.7919773701,0.9999901060
142.8124114201,0.9999980927
142.8328455701,1.0000536423
142.8532797199,1.0000393377
142.8737139696,1.0000164503
142.8941480193,1.0000145430
142.9145821688,1.0000522119
142.9350164183,1.0000985827
142.9554504677,1.0000413642
142.9758846169,0.9999737749
142.9963186660,1.0000941721
143.0167529152,1.0000731920
143.0371870641,1.0000638940
143.0576212130,1.0001064503
143.0780553618,1.0001003708
143.0984895104,1.0001153907
143.1189236590,1.0000511391
143.1393578074,1.0000433907
143.1597919558,1.0000600795
143.1802261040,1.0000414834
143.2006601522,1.0000658013
143.2210943003,0.9999411126
143.2415285483,1.0000233642
143.2619626961,0.9999231723
143.2823968440,0.9997840004
143.3028309916,0.9998550467
143.3232651392,0.9999162585
143.3641333340,1.0000617482
143.3845675814,1.0000503046
143.4050017285,1.0000014305
143.4254357756,1.0000132318
143.4458700225,0.9999687682
143.4663041694,1.0000376689
143.4867382162,1.0000182384
143.5071723629,0.9999791390
143.5276066095,1.0000603180
143.5480407559,0.9999684105
143.5684748022,1.0001542520
143.5889090486,1.0000979870
143.6093431948,1.0000339736
143.6297772408,1.0000071523
143.6502113868,1.0000441061
143.6706456327,1.0001420932
143.6910796784,1.0000596028
143.7115138242,0.9999933245
143.7319479697,0.9999998808
143.7523821152,0.9999228739
143.7728162605,0.9999911788
143.7932504058,1.0001196826
143.8136845510,0.9999983311
143.8341186960,0.9999680528
143.8545528411,1.0000100133
143.8749868859,0.9999334831
143.8954211306,1.0000237220
143.9158552753,1.0000051259
143.9362893199,1.0000113246
143.9567235644,1.0000556692
143.9771577087,1.0000311128
143.9975917530,0.9999835496
144.0180258971,0.9999924900
144.0384601412,1.0000493513
144.0588942851,1.0000027417
144.0793283290,1.0000119206
144.0997625727,1.0000951265
144.1201967163,0.9997530644
144.1406307599,0.9998203563
144.1610649034,0.9997901969
144.1814991467,0.9999994040
144.2019331899,1.0000724775
144.2223673331,1.0000344507
144.2428015761,0.9999798541
144.2632356190,0.9999725824
144.2836697619,1.0000911932
144.3041039046,1.0000528087
144.3245380472,0.9999835494
144.3449721898,1.0000038146
144.3654063322,1.0000303978
144.3858403745,0.9999881985
144.4062746167,0.9999552972
144.4267087589,1.0000698555
144.4471428009,1.0000061988
144.4675770428,0.9999468930
144.4880111846,0.9999806884
144.5084452263,1.0000771274
144.5288793679,1.0000731936
144.5493136094,1.0000157354
144.5697477508,1.0000402923
144.5901817921,1.0000210998
144.6106160333,1.0000029802
144.6310501744,1.0001387583
144.6514842154,1.0000469681
144.6719183563,1.0000576969
144.6923525970,1.0000621076
144.7127866376,1.0000822539
144.7332207783,0.9999846221
144.7536550187,0.9999924899
144.7740890591,0.9999915958
144.7945231994,0.9999247792
144.8149573395,1.0000293254
144.8353915796,0.9999754429
144.8558256195,1.0000370740
144.8762597593,1.0000852346
144.8966938990,1.0000447035
144.9171280387,1.0002659559
144.9375621782,1.0000016689
144.9579963177,0.9998382329
144.9784305570,0.9998378753
144.9988645963,0.9997676013
145.0192987354,0.9999025463
145.0397328744,1.0000182987
145.0601670133,1.0000042915
145.0806011520,0.9998988506
145.1010352907,0.9999789595
145.1214695293,0.9999743699
145.1419035678,1.0000059605
145.1623377062,1.0000341537
145.1827717445,1.0000083447
145.2032059827,1.0001178988
145.2236401207,0.9999641773
145.2440741587,0.9999940991
145.2645083965,0.9999845623
145.2849425343,0.9999387855
145.3053766720,0.9999660250
145.3258107095,0.9999988675
145.3462449470,0.9999544020
145.3666790842,1.0000771889
145.3871131215,0.9999516004
145.4075473586,0.9999892114
145.4279814956,0.9999462955
145.4484155325,1.0000217560
145.4688496693,0.9999415866
145.4892839060,0.9999868272
145.5097179426,0.9999976158
145.5301520791,0.9999741312
145.5505862155,1.0000425584
145.5710204518,1.0000756396
145.5914544880,0.9999591105
145.6118886240,1.0000185374
145.6323228599,1.0000288492
145.6527568958,1.0000327832
145.6731910315,1.0000292068
145.6936250672,0.9999561301
145.7140593028,1.0001009127
145.7344934382,1.0000197891
145.7549275735,1.0000296837
145.7753617087,0.9998549194
145.7957958438,0.9999173863
145.8162299788,0.9998037776
145.8366640138,0.9998400774
145.8570982485,1.0001423390
145.8775323832,0.9999725812
145.8979664177,1.0000420818
145.9184006522,1.0000574602
145.9388347865,0.9999762768
145.9592688209,1.0000729579
145.9797029550,1.0000419031
146.0001371890,1.0000450026
146.0205713230,0.9999095775
146.0410053568,0.9999771112
146.0614395905,0.9999722831
146.0818737242,1.0000298031
146.1023077576,1.0000634807
146.1227418910,0.9999982118
146.1431761243,1.0000225908
146.1636101575,1.0000349889
146.1840442906,0.9999952315
146.2044784235,0.9999949335
146.2249125563,0.9999973177
146.2453466892,1.0000144248
146.2657808218,0.9999145242
146.2862149544,1.0001091993
146.3066490867,1.0000078681
146.3475172512,1.0000157361
146.3679514834,1.0000588913
146.3883856154,0.9999964832
146.4088196473,1.0000157362
146.4292538791,1.0000102524
146.4496880107,0.9999774687
146.4701220423,1.0000173456
146.4905562737,0.9999349690
146.5109904050,1.0000554343
146.5314245364,0.9999470691
146.5518585675,0.9999638186
146.5722927984,0.9999032580
146.5927269294,0.9999628649
146.6131610601,0.9999456385
146.6335950909,0.9997926276
146.6540293215,0.9998924692
146.6744634519,0.9999725212
146.6948974823,1.0000047686
146.7153317125,0.9999428965
146.7357658427,0.9999431349
146.7561999727,1.0000593687
146.7766340027,1.0000184782
146.7970682325,0.9999273985
146.8175023623,0.9999938009
146.8379363918,0.9999312133
146.8583705213,0.9999307961
146.8788047506,0.9999842637
146.8992387800,1.0000064972
146.9196729091,0.9999437904
146.9401071382,0.9999380084
146.9605411672,1.0000117426
146.9809752959,0.9999964832
147.0014094247,1.0000249755
147.0218435533,0.9999769320
147.0422776819,1.0000263464
147.0627118102,0.9999477840
147.0831460385,0.9999314515
147.1035800666,1.0000171073
147.1240141947,1.0000975773
147.1444482226,0.9999248947
147.1648824506,0.9999732363
147.1853165783,0.9999054031
147.2057506059,0.9999211991
147.2261848334,0.9999343723
147.2466189608,0.9999631030
147.2670530881,0.9999980926
147.2874871153,1.0000298633
147.3079213423,0.9999735343
147.3283554694,1.0000149018
147.3487894961,1.0000798739
147.3692236229,0.9999434326
147.3896578496,0.9999845021
147.4100918760,1.0000181803
147.4305260024,0.9999956487
147.4509602288,0.9999098141
147.4713942549,0.9999573808
147.4918283810,0.9998145020
147.5122625070,0.9997756082
147.5326967328,0.9999378891
147.5531307586,0.9999670967
147.5735648842,1.0000218759
147.5939991097,1.0000811852
147.6144331351,0.9999252524
147.6348672605,0.9998480609
147.6553012856,1.0000863114
147.6757355106,1.0000393408
147.6961696356,1.0001111080
147.7166036605,1.0000763569
147.7370378851,1.0000020266
147.7574720098,0.9999981522
147.7779061343,0.9999023633
147.7983401587,1.0000063780
147.8187743830,1.0000087026
147.8392085072,0.9999864692
147.8596425313,1.0000555539
147.8800766551,0.9999612554
147.9209449028,1.0000296843
147.9413790264,0.9999420023
147.9618132498,1.0000316513
147.9822472732,1.0000116234
148.0026813965,0.9999933240
148.0231155197,1.0000562689
148.0435497427,1.0000615740
148.0639837657,1.0000847610
148.0844178885,1.0000622296
148.1048521112,1.0001189753
148.1252861338,1.0001111072
148.1457202562,1.0000185377
148.1661543787,0.9999913570
148.1865885010,1.0000153785
148.2070226231,0.9998560498
148.2274567451,1.0000003576
148.2478909670,1.0001318499
148.2683249889,0.9999722233
148.2887591105,1.0000494734
148.3091932321,0.9999235845
148.3296273536,0.9997560606
148.3500614749,0.9999777072
148.3704955962,1.0001348892
148.3909296173,1.0000315914
148.4113638382,1.0000764749
148.4317979592,1.0001295245
148.4522320799,1.0000212794
148.4726662007,0.9999959468
148.4931003212,0.9999288898
148.5135344416,1.0000309952
148.5339684620,0.9999943374
148.5544026822,0.9999595275
148.5748368023,0.9999912379
148.5952708222,1.0000239020
148.6157050421,0.9999994635
148.6361391619,0.9999904034
148.6565731815,0.9999906419
148.6770073010,0.9999979734
148.6974415205,0.9999938606
148.7178755398,1.0000071527
148.7383096589,0.9999529710
148.7587438780,1.0000333792
148.7791779970,1.0000924485
148.7996120159,1.0000863090
148.8200461346,0.9999392022
148.8404803531,0.9999935626
148.8609143716,1.0001218338
148.8813484900,1.0000196102
148.9017827083,1.0000157359
148.9222167265,0.9999724623
148.9426508445,1.0000435120
148.9630849625,1.0000539429
148.9835190803,1.0000455385
149.0039531980,1.0000234249
149.0243873154,1.0000498897
149.0448213329,0.9999552960
149.0652555503,1.0000159742
149.0856896675,1.0000616319
149.1061236846,0.9999107710
149.1265579016,0.9998887171
149.1469920185,0.9999040953
149.1674260353,0.9998366821
149.1878601519,0.9997941241
149.2082943684,0.9999762176
149.2287284849,0.9999477860
149.2491625012,0.9999378320
149.2695967173,0.9999220367
149.2900308334,0.9999811648
149.3308989652,1.0000265838
149.3513331809,0.9999753236
149.3717671965,0.9999985099
149.3922013120,0.9999450444
149.4126355274,1.0000132919
149.4330695426,1.0000123978
149.4535036578,0.9999745488
149.4739377728,0.9999814630
149.4943718877,0.9999902248
149.5148060025,0.9999926090
149.5352401173,0.9999196531
149.5556743318,0.9999549986
149.5761083462,0.9999961257
149.5965424605,0.9999945164
149.6169764748,0.9999588729
149.6374106889,0.9999984503
149.6578448028,0.9999378326
149.6782788166,0.9999904037
149.6987129304,1.0000272988
149.7191471440,0.9999707343
149.7395812575,0.9998872286
149.7600152709,1.0000196694
149.7804494841,1.0000460145
149.8008835973,0.9999974966
149.8213176104,1.0000268219
149.8417517233,1.0000777238
149.8621859361,0.9999470716
149.8826200488,0.9999831917
149.9030540614,0.9999740127
149.9234882738,0.9999265083
149.9439223860,1.0000878562
149.9643564983,0.9998781696
150.0052247224,0.9998171354
150.0256588343,0.9998282218
150.0460928460,0.9999561912
150.0665270575,0.9999566084
150.0869611691,0.9999914171
150.1073951805,0.9999440321
150.1278292917,0.9999893905
150.1482635028,1.0000207421
150.1686975139,0.9999568470
150.1891316249,1.0000327820
150.2095658356,0.9999750857
150.2299998463,1.0000017881
150.2504339568,1.0000625837
150.2708680672,1.0000201460
150.2913022776,1.0000571001
150.3117362877,0.9999989271
150.3321703979,0.9999769335
150.3526044078,0.9999502312
150.3730386177,1.0001338690
150.3934727273,1.0000443448
150.4139067370,0.9999949933
150.4343409464,1.0001797634
150.4547750559,1.0000954844
150.4752091651,1.0000425567
150.4956431742,1.0001224249
150.5160773832,0.9999786621
150.5365114921,1.0000509010
150.5569455008,0.9999718078
150.5773797094,1.0000090597
150.5978138181,1.0000369539
150.6182478265,1.0000189537
150.6386819347,1.0000789143
150.6591161429,1.0000646096
150.6795501509,0.9999986887
150.6999842588,1.0000973911
150.7204184666,1.0001143183
150.7408525743,1.0000307551
150.7612865819,1.0000003576
150.7817206893,1.0000251524
150.8021548967,0.9999699602
150.8225889039,0.9998498008
150.8430230110,0.9997951449
150.8634572180,0.9999159600
150.8838912249,0.9999482052
150.9043253315,0.9999408145
150.9247594382,1.0001411393
150.9451935447,1.0000885697
150.9656276510,1.0001617619
150.9860617573,1.0000052450
151.0064957634,0.9998880065
151.0269299694,1.0000176424
151.0473640753,1.0000373113
151.0677980810,1.0000787948
151.0882322867,1.0000406490
151.1086663922,1.0000360000
151.1291003976,0.9999848609
151.1495345029,1.0000777219
151.1699687080,1.0000327815
151.1904027131,1.0000040530
151.2108368179,0.9999979735
151.2312710228,0.9999971391
151.2517051275,1.0000090596
151.2721391320,1.0000544768
151.2925732365,1.0000852318
151.3130074408,1.0000221722
151.3334414450,0.9999557152
151.3538755489,0.9999928477
151.3743097529,1.0000554304
151.3947437567,1.0000119205
151.4151778605,1.0001049006
151.4356119641,1.0001271920
151.4560460675,1.0001126490
151.4764801709,1.0000281324
151.4969142741,1.0001215894
151.5173483771,1.0001046623
151.5377824801,1.0001059736
151.5582165830,1.0001916822
151.5786506857,1.0001093113
151.5990848883,1.0000509007
151.6195188908,1.0000160927
151.6399529931,0.9999200132
151.6808211974,0.9998189271
151.7012552995,0.9998266158
151.7216894014,1.0000777219
151.7421235031,1.0000162119
151.7625576047,1.0000256292
151.7829917062,1.0001000134
151.8034257076,1.0000469670
151.8238599089,0.9999424833
151.8442940100,1.0000187153
151.8647280110,1.0000171656
151.8851622119,1.0000643711
151.9055963126,1.0000385034
151.9260303133,1.0000896427
151.9464644138,1.0000221723
151.9668986142,1.0000389803
151.9873327145,1.0000814175
152.0077667146,0.9999639402
152.0282009146,1.0000210994
152.0486350145,0.9999891523
152.0690690144,1.0000247948
152.0895031140,0.9999740131
152.1099373135,1.0001063317
152.1303713129,1.0000478016
152.1508054122,0.9998862179
152.1712395114,1.0000195498
152.1916736104,0.9999581586
152.2121077093,1.0000959610
152.2325418081,0.9999404565
152.2529760067,1.0001006100
152.2734100053,1.0000133511
152.3142781020,1.0000201459
152.3347123002,0.9999973775
152.3551463983,0.9999914171
152.3755803962,0.9999835495
152.3960145940,0.9999278802
152.4164486916,0.9999920132
152.4368827892,1.0000478018
152.4573167866,0.9999743706
152.4777509838,0.9998952174
152.4981850811,0.9998155277
152.5186190781,0.9998233953
152.5390532750,0.9997916862
152.5594873719,0.9999525557
152.5799213685,0.9999780660
152.6003554651,1.0000255102
152.6207896615,0.9999922516
152.6412236578,1.0000140664
152.6820918500,1.0000036954
152.7025259459,0.9999811653
152.7229600417,0.9999967814
152.7433941374,0.9999331249
152.7638283330,0.9999426614
152.7842623284,1.0000386231
152.8046964237,0.9998700047
152.8251304188,1.0000075100
152.8455646139,0.9999965430
152.8659987088,1.0000667561
152.8864327036,1.0000351661
152.9068668984,0.9999795559
152.9273009929,0.9999030248
152.9477350873,1.0000152586
152.9681690816,0.9999384294
152.9886032758,0.9999998808
153.0090373697,1.0000048875
153.0294713637,1.0000393385
153.0499055575,0.9999873640
153.0703396511,1.0000392193
153.0907736447,1.0000839221
153.1112077381,1.0000551931
153.1316419313,1.0000653258
153.1520759246,1.0000289675
153.1725100176,1.0000718823
153.1929441105,1.0000561469
153.2133783033,1.0000238416
153.2338123960,1.0000000000
153.2542463884,1.0000760547
153.2746805808,1.0001401887
153.2951146732,1.0000600809
153.3155486653,0.9999530320
153.3359827573,0.9999305612
153.3564168492,0.9998044387
153.3768509409,0.9998766193
153.3972850326,1.0000070333
153.4177192242,0.9999990463
153.4381533156,1.0000133514
153.4585873068,0.9999264482
153.4790213979,0.9999484421
153.4994555889,1.0000027418
153.5198895798,1.0000007153
153.5403236705,1.0000202656
153.5607578612,0.9999636412
153.5811918517,1.0000686646
153.6016259420,0.9999984503
153.6220600322,0.9999538063
153.6424941224,0.9999541639
153.6629282123,0.9999849796
153.6833623022,1.0000033379
153.7037962920,1.0000516179
153.7242304816,0.9999773501
153.7446645710,1.0000963814
153.7650985604,1.0000364187
153.7855327496,0.9999725220
153.8059668387,0.9999827741
153.8264008277,0.9999762771
153.8468349166,1.0000376706
153.8672691053,1.0000780831
153.8877030939,1.0000917328
153.9081371822,1.0000479825
153.9285713706,0.9999573820
153.9490054589,1.0000681292
153.9694394469,1.0000723017
153.9898735348,1.0000365383
154.0103077227,0.9999636405
154.0307417103,0.9999203070
154.0511757979,0.9999790187
154.0716099853,1.0000239616
154.0920439726,0.9999795551
154.1124780598,1.0001293451
154.1329121468,1.0000379691
154.1533462337,0.9998378118
154.1737803205,0.9998248176
154.1942144072,0.9999039148
154.2146484937,0.9999070739
154.2350825801,0.9999644150
154.2555166664,1.0000523344
154.2759506525,0.9999914167
154.2963848384,1.0000410688
154.3168189243,1.0000323067
154.3372529101,1.0000458374
154.3576869957,1.0000464335
154.3781211813,1.0000010133
154.3985551666,0.9999982118
154.4189892518,1.0000329625
154.4394234369,0.9999535067
154.4598575219,0.9999836677
154.4802915068,0.9999130932
154.5007255914,1.0000005365
154.5211597761,1.0000624681
154.5415937605,1.0001375132
154.5620278449,0.9999911782
154.5824620290,1.0000929870
154.6028960131,1.0000163323
154.6233300970,1.0000131732
154.6437641809,1.0000341549
154.6641982645,0.9999839061
154.6846323480,0.9999955295
154.7050664314,0.9999478437
154.7255006148,1.0000324263
154.7459345979,1.0000337973
154.7663686809,0.9999874229
154.7868027638,0.9999767532
154.8072368466,0.9999927875
154.8276709292,1.0000243198
154.8481049117,1.0000438114
154.8685390941,1.0000866095
154.8889731764,1.0000461957
154.9094072584,1.0000740324
154.9298413404,1.0000888151
154.9502754222,1.0000281347
154.9707095040,1.0000084643
154.9911435856,0.9999133903
155.0115775671,0.9998754799
155.0320117483,0.9998750030
155.0524458296,0.9998637370
155.0728798106,1.0000653300
155.0933139915,0.9999943969
155.1137480723,1.0001021079
155.1341820530,0.9999322857
155.1546161336,0.9999760377
155.1750503139,1.0000067357
155.1954843942,0.9999596456
155.2159183743,0.9999847404
155.2363524544,1.0000450635
155.2567866343,0.9999496910
155.2976546936,0.9999321663
155.3180888732,0.9999883169
155.3385228526,0.9999949929
155.3589569317,0.9999209004
155.3793910107,1.0000361224
155.3998250898,0.9999713286
155.4202591685,1.0000395200
155.4406932472,1.0000463750
155.4611274259,1.0000013710
155.4815614042,1.0000726620
155.5019954826,1.0000388643
155.5224294606,1.0000318306
155.5428636386,0.9999158932
155.5837316944,0.9999458164
155.6041658722,0.9998726774
155.6245999495,0.9999219732
155.6450340270,0.9999852768
155.6654680041,1.0000106102
155.6859021814,1.0000658071
155.7063362582,1.0000563294
155.7267702351,1.0001173679
155.7472043119,0.9999715074
155.7676384883,1.0000064376
155.7880724649,0.9999974965
155.8085065410,0.9999378290
155.8289407174,0.9998903216
155.8493746933,0.9998924674
155.8698087692,0.9999239404
155.8902428451,0.9998981897
155.9106770208,0.9999556518
155.9311109962,0.9999690635
155.9515450717,1.0000907232
155.9719792469,1.0000357051
155.9924132218,0.9999775875
156.0128472968,1.0000775498
156.0332812718,0.9998859703
156.0537154465,1.0000174055
156.0741495210,1.0000201474
156.0945835956,0.9999660832
156.1150176698,0.9999966024
156.1354517439,0.9999683483
156.1558858179,1.0000110274
156.1763197920,1.0000458979
156.1967539658,0.9999507044
156.2171880394,0.9999826542
156.2376220129,0.9999244770
156.2580560863,0.9999349680
156.2784902594,0.9999471876
156.2989242325,1.0000453614
156.3193583056,0.9999723421
156.3397924783,0.9999842636
156.3602264511,1.0001300638
156.3806605235,1.0000551370
156.4010945960,1.0000194917
156.4215287684,0.9999856346
156.4419627406,0.9999911185
156.4623968125,0.9999819985
156.4828309844,1.0001064590
156.5032649562,1.0000456594
156.5236990279,1.0000115639
156.5441330994,0.9999302592
156.5645671706,1.0000149019
156.5850012419,1.0000213395
156.6054353129,1.0000013114
156.6258693839,1.0000346915
156.6463034547,1.0000161536
156.6667375255,0.9999700175
156.6871715960,0.9999168477
156.7076056663,0.9997617790
156.7280397366,0.9998979521
156.7484738067,0.9999550560
156.7689077768,0.9999793163
156.7893419467,1.0000022651
156.8097760165,0.9999881978
156.8302100859,1.0000570442
156.8506441555,1.0000107293
156.8710782247,0.9999150001
156.8915122941,0.9999788991
156.9119462630,0.9999967812
156.9323804319,0.9999418234
156.9528145008,1.0000271809
156.9732484693,0.9999726999
156.9936826380,0.9999759783
157.0141167062,1.0000145441
157.0345506744,0.9999449231
157.0549847426,0.9999763360
157.0754189106,0.9999672162
157.0958528784,0.9999151197
157.1162869461,0.9997641950
157.1367211137,0.9998497906
157.1571551812,0.9999578579
157.1775891485,0.9999120203
157.1980232155,0.9999700774
157.2184573826,1.0000156170
157.2388913494,1.0000003576
157.2593254162,0.9999483806
157.2797594828,0.9998984899
157.3001935492,0.9999991655
157.3206276156,0.9999510630
157.3410616817,0.9999570237
157.3614957478,1.0000064375
157.3819298137,1.0000071528
157.4023638796,1.0000846411
157.4227978453,1.0000442279
157.4432320107,0.9999756806
157.4636660761,0.9999891517
157.4841000413,0.9999127962
157.5045342065,0.9999076105
157.5249682715,0.9997809176
157.5454022362,0.9998778074
157.5658363009,0.9998236255
157.5862704654,1.0000121000
157.6067044299,0.9999766345
157.6271384942,0.9999696010
157.6475726582,0.9999383675
157.6680067223,1.0000038148
157.6884406861,1.0001241590
157.7088747499,0.9999512425
157.7293089134,0.9999682301
157.7497428770,1.0000479230
157.7701769403,0.9999939798
157.7906111034,1.0000110270
157.8110450665,0.9998802523
157.8314791294,0.9999836085
157.8519131920,1.0001051442
157.8723472547,1.0000485189
157.8927813173,0.9999682899
157.9132153797,0.9999747273
157.9336493419,0.9999553556
157.9540835038,1.0000259283
157.9745175657,1.0000037551
157.9949515277,1.0000490551
158.0153856891,1.0000684268
158.0358197508,1.0000944742
158.0562537121,1.0000909575
158.0766877733,1.0000343325
158.0971219346,1.0000120998
158.1175559956,0.9999455806
158.1379899563,1.0000290276
158.1584241169,1.0000442864
158.1788581776,1.0000088215
158.1992921379,1.0000313522
158.2197261983,1.0001417403
158.2401603583,0.9999859929
158.2810283782,1.0000996592
158.3014625378,1.0001131894
158.3218965975,1.0000489355
158.3423305568,0.9999268651
158.3627646162,0.9998021723
158.3831987754,0.9998371006
158.4036328345,0.9998787046
158.4240667932,0.9999930859
158.4445008521,1.0000503062
158.4649350105,1.0000431536
158.4853689690,1.0000002384
158.5058030274,1.0000098943
158.5262371856,1.0000340937
158.5466711436,1.0000493524
158.5671052016,0.9999148254
158.5875392593,1.0000072717
158.6079733168,1.0000414846
158.6284073743,1.0000771278
158.6488414319,1.0000104903
158.6692755889,1.0000199078
158.6897095459,1.0000860683
158.7101436030,0.9999698999
158.7305775598,1.0000118016
158.7510117164,0.9999812247
158.7714457730,1.0001724939
158.7918798293,0.9999393828
158.8123138854,1.0000058412
158.8327479415,1.0000574581
158.8531819974,1.0000296827
158.8736159533,1.0000023842
158.8940501090,0.9999862911
158.9144841644,1.0000954851
158.9349181198,1.0000001192
158.9553522752,0.9999908210
158.9757863302,1.0000339741
158.9962202851,1.0000432722
159.0166543401,1.0000373118
159.0370884946,1.0000971538
159.0575224493,1.0000491133
159.0779565035,0.9999676949
159.0983905578,1.0001003722
159.1188247120,1.0001106239
159.1392586661,1.0000241990
159.1596927198,0.9999291316
159.1801268734,0.9999189991
159.2005608269,0.9998139185
159.2209948805,0.9998990320
159.2414288336,0.9998643429
159.2618629869,1.0000802260
159.2822970398,1.0000171657
159.3027310926,0.9999799733
159.3231651452,1.0000209803
159.3435991979,0.9999983311
159.3640332503,1.0000270598
159.3844672026,1.0000945306
159.4049013548,0.9999729402
159.4253354067,1.0000840405
159.4457693587,1.0000696165
159.4662035103,1.0000282519
159.4866375618,0.9999766356
159.5070715133,1.0000444639
159.5275055645,0.9999853376
159.5479397157,1.0000504242
159.5683736667,1.0000425566
159.5888077177,0.9999789005
159.6092417682,1.0000556692
159.6296759190,1.0000197882
159.6501098693,0.9999722251
159.6705439196,0.9999548210
159.6909780699,0.9999042183
159.7114120197,1.0000252716
159.7318460695,0.9999627483
159.7522801194,1.0001676029
159.7727141689,0.9999822384
159.7931482183,0.9999772317
159.8135822677,0.9999830728
159.8340163168,0.9999510065
159.8544503657,1.0000274173
159.8748844146,1.0001512719
159.8953183635,1.0000708081
159.9157525119,1.0000662782
159.9361865604,1.0000809404
159.9566206088,1.0000615100
159.9770546568,1.0000756954
159.9974887050,1.0000272980
160.0179227527,1.0000139470
160.0383568004,0.9999416489
160.0587908479,0.9999032648
160.0792248954,0.9998941456
160.0996589427,1.0001133643
160.1200928900,1.0000985828
160.1405270370,0.9999237683
160.1609610838,1.0000506622
160.1813950306,0.9999864106
160.2018291772,0.9999601259
160.2222632235,0.9999754437
160.2426971698,1.0000460132
160.2631312159,1.0000661588
160.2835653620,1.0000098940
160.3039993077,1.0000373112
160.3244333536,1.0001031123
160.3448674990,0.9999864106
160.3653015446,1.0000932183
160.3857354898,1.0000548343
160.4061695349,1.0000433907
160.4266036799,1.0000845165
160.4470376248,1.0000052450
160.4674716695,0.9999592318
160.4879058140,1.0000863046
160.5083397585,1.0000230066
160.5287738027,1.0000092980
160.5492078470,1.0000745033
160.5696418907,1.0000712847
160.5900759347,1.0000118013
160.6105099783,1.0000149007
160.6309439218,1.0000815364
160.6513780654,1.0000982251
160.6718121087,1.0000449404
160.6922460518,1.0000721192
160.7126801946,1.0000283708
160.7331142374,1.0000140662
160.7535481803,1.0000302781
160.7739822227,0.9998563576
160.7944163650,1.0000318278
160.8148504074,1.0000275364
160.8352843496,1.0000730729
160.8557184915,0.9999516026
160.8761525332,0.9999042781
160.8965864748,0.9998732847
160.9170205165,0.9999400993
160.9374546577,0.9999847417
160.9578885989,1.0000606756
160.9783226402,1.0000149007
160.9987567811,0.9999991656
161.0191907219,1.0000407683
161.0396247624,0.9999841457
161.0600588029,1.0000170464
161.0804928434,1.0000170464
161.1009268835,0.9999536887
161.1213609235,0.9999785430
161.1417950636,1.0000618676
161.1622290034,0.9999827152
161.1826630430,0.9999030264
161.2030969826,1.0000157351
161.2235311217,0.9999760397
161.2643991999,0.9999472516
161.2848331390,1.0000247947
161.3052672777,1.0000696160
161.3257013164,0.9999364634
161.3461352548,0.9999820000
161.3665693932,0.9999920132
161.3870034311,0.9999439734
161.4074373693,1.0000275365
161.4278714071,0.9999700794
161.4483055450,1.0000544770
161.4687394825,1.0000035762
161.4891735200,0.9999893907
161.5096076572,1.0000081060
161.5300415943,1.0000067947
161.5504756313,1.0000047682
161.5709096683,0.9999069003
161.5913438049,1.0000483975
161.6117777414,0.9999433177
161.6322117780,0.9999856953
161.6526459141,1.0000181193
161.6730799502,0.9999841456
161.6935138863,0.9998557013
161.7139479221,0.9998214892
161.7343820577,0.9998450323
161.7548159934,0.9998568933
161.7752500285,0.9999582183
161.7956840639,0.9999841456
161.8161180991,1.0000257485
161.8365521340,0.9999231717
161.8569861687,0.9999511255
161.8774203034,0.9999787813
161.8978542379,1.0000467288
161.9182882721,0.9999721654
161.9387222063,0.9999556553
161.9591563406,0.9998707805
161.9795903743,0.9999747283
162.0000244081,0.9999922516
162.0204584418,0.9999752051
162.0408924751,1.0000094173
162.0613265084,0.9999114893
162.0817604417,0.9999798541
162.1021945748,0.9999737150
162.1226286076,0.9999578009
162.1430625402,1.0000133511
162.1634966728,0.9999942781
162.1839307054,1.0000725968
162.2043646376,0.9999980927
162.2247986697,0.9998968267
162.2452328018,0.9999336019
162.2656667335,0.9999639400
162.2861007652,0.9999907019
162.3065348968,1.0001032331
162.3269689283,1.0000263447
162.3474028595,0.9999893906
162.3678368904,0.9999926092
162.3882710214,0.9999679333
162.4087049524,0.9999958278
162.4291389829,0.9999874833
162.4495729134,1.0000357621
162.4700070439,1.0000361198
162.4904410739,0.9999222769
162.5108745040,1.0000611533
162.5313086340,0.9997664134
162.5517425638,0.9998569513
162.5721765934,0.9998954552
162.5926106227,0.9998095663
162.6130447521,1.0000406497
162.6334786812,1.0000443452
162.6539127103,0.9999793771
162.6743468392,0.9999005809
162.6947807678,1.0000001192
162.7152147964,1.0000069140
162.7356488248,1.0000618688
162.7560828530,0.9999154817
162.7765168812,0.9999707345
162.7969509091,1.0000187156
162.8173849371,0.9999117266
162.8378189646,1.0000058412
162.8582529923,1.0000270602
162.8786869195,0.9999071369
162.8991210468,1.0000036955
162.9195550738,0.9999498134
162.9399890008,1.0000665182
162.9604230276,0.9999669793
162.9808571541,0.9999608997
163.0012910807,0.9998958119
163.0217251070,0.9999662044
163.0421592330,0.9999784233
163.0625932591,0.9999231701
163.0830271850,1.0000319479
163.1034612108,1.0000178813
163.1238953362,1.0000163316
163.1443292618,0.9999565484
163.1647632870,0.9999465944
163.1851974121,0.9999889732
163.2056313370,0.9999402763
163.2260653619,1.0000017881
163.2464993866,1.0000718831
163.2669334111,0.9999953508
163.2873674355,1.0000466108
163.3078014597,1.0000181198
163.3282355837,1.0001152755
163.3486695077,1.0000250936
163.3691035315,0.9999603032
163.3895374550,0.9998449083
163.4099715785,0.9998425240
163.4304056018,0.9999475477
163.4508395251,1.0001316076
163.4712736479,1.0000896458
163.4917076710,1.0000514987
163.5121416935,1.0000414851
163.5325756161,1.0001013286
163.5530097385,1.0000199081
163.5734437608,0.9999848007
163.5938776830,0.9999946355
163.6143117048,1.0000303390
163.6347458267,0.9999848603
163.6551797482,0.9999917149
163.6756137698,0.9999189368
163.6960478910,0.9999018896
163.7164818124,0.9999586935
163.7369158334,0.9999362818
163.7573498543,0.9999507063
163.7777838751,0.9999435536
163.7982178956,0.9999688859
163.8186519161,0.9999064192
163.8390860363,0.9999994635
163.8595199563,0.9999067171
163.8799539764,1.0000043512
163.9003878962,1.0000516186
163.9208220160,1.0000731959
163.9412560355,1.0000940580
163.9616900548,1.0000500689
163.9821240742,1.0000804680
164.0025580930,1.0000216966
164.0229921121,0.9999682300
164.0434260308,0.9999757999
164.0638601494,0.9999538053
164.0842941678,1.0000687855
164.1047281862,1.0000440490
164.1455962223,1.0000255711
164.1660301402,1.0000014306
164.1864641579,1.0000568644
164.2068982754,0.9998829331
164.2477662101,0.9998683891
164.2682002271,0.9998512819
164.2886342441,0.9999102922
164.3090682608,0.9999794954
164.3295022776,1.0000004769
164.3499363939,0.9999715080
164.3703704104,0.9999923107
164.3908043265,0.9999619709
164.4112383426,0.9999873634
164.4316723584,0.9999741306
164.4521063740,0.9998939594
164.4725403896,0.9999817603
164.4929745050,1.0000330819
164.5134084204,1.0000344529
164.5338424355,1.0000708728
164.5542764504,1.0000844633
164.5747104651,1.0000447650
164.5951444797,1.0000288499
164.6155784944,1.0000649123
164.6360124086,1.0000898878
164.6564465228,1.0000940604
164.6768805368,1.0000269425
164.6973145508,1.0000131732
164.7177485645,1.0000150807
164.7381825780,0.9999912377
164.7586165913,1.0000472688
164.7790505046,1.0000147231
164.7994846178,0.9999768126
164.8199186306,1.0000729599
164.8403525435,1.0000771921
164.8607866560,1.0000841663
164.8812206686,0.9999936816
164.9016545809,1.0000792786
164.9220885931,1.0000829744
164.9425227052,1.0001171299
164.9629566170,1.0000932868
164.9833906287,1.0001069371
